{"cameraMode":{"drawMode":0,"name":"Shaded","section":"Shading Mode"},"sceneLighting":true,"audioPlay":false,"sceneViewState":{"m_AlwaysRefresh":false,"showFog":true,"showSkybox":true,"showFlares":true,"showImageEffects":true,"showParticleSystems":true,"showVisualEffectGraphs":true,"m_FxEnabled":true},"in2DMode":false,"pivot":{"x":4.148294448852539,"y":4.044055938720703,"z":6.696253299713135},"rotation":{"x":0.31833428144454958,"y":-0.014032012782990933,"z":0.004704572260379791,"w":0.9478960037231445},"size":9.158308029174805,"orthographic":false}